movie_name,frame_number,kor_name,eng_name,gender,age,disabled,d_type,smile,main_emotion,frame_five,filename,moviename_text
Barefoot_Gi_Bong,299,엄기봉,Kibong,Male,56,TRUE,Intellectual Disability,84.957,happiness,00299,Barefoot_Gi_Bong00299.jpg,Barefoot Gi Bong
Barefoot_Gi_Bong,302,엄기봉,Kibong,Male,43,TRUE,Intellectual Disability,99.999,happiness,00302,Barefoot_Gi_Bong00302.jpg,Barefoot Gi Bong
Barefoot_Gi_Bong,303,엄기봉,Kibong,Male,29,TRUE,Intellectual Disability,99.218,happiness,00303,Barefoot_Gi_Bong00303.jpg,Barefoot Gi Bong
Barefoot_Gi_Bong,304,엄기봉,Kibong,Male,36,TRUE,Intellectual Disability,99.821,happiness,00304,Barefoot_Gi_Bong00304.jpg,Barefoot Gi Bong
Barefoot_Gi_Bong,305,엄기봉,Kibong,Male,52,TRUE,Intellectual Disability,100,happiness,00305,Barefoot_Gi_Bong00305.jpg,Barefoot Gi Bong
Barefoot_Gi_Bong,306,엄기봉,Kibong,Male,53,TRUE,Intellectual Disability,99.945,happiness,00306,Barefoot_Gi_Bong00306.jpg,Barefoot Gi Bong
Barefoot_Gi_Bong,307,엄기봉,Kibong,Male,51,TRUE,Intellectual Disability,100,happiness,00307,Barefoot_Gi_Bong00307.jpg,Barefoot Gi Bong
Barefoot_Gi_Bong,308,엄기봉,Kibong,Male,52,TRUE,Intellectual Disability,99.975,happiness,00308,Barefoot_Gi_Bong00308.jpg,Barefoot Gi Bong
Barefoot_Gi_Bong,347,엄기봉,Kibong,Male,20,TRUE,Intellectual Disability,21.86,sadness,00347,Barefoot_Gi_Bong00347.jpg,Barefoot Gi Bong
Barefoot_Gi_Bong,355,엄기봉,Kibong,Male,42,TRUE,Intellectual Disability,98.611,happiness,00355,Barefoot_Gi_Bong00355.jpg,Barefoot Gi Bong
Barefoot_Gi_Bong,356,엄기봉,Kibong,Male,30,TRUE,Intellectual Disability,99.698,disgust,00356,Barefoot_Gi_Bong00356.jpg,Barefoot Gi Bong
Barefoot_Gi_Bong,357,엄기봉,Kibong,Male,43,TRUE,Intellectual Disability,99.895,happiness,00357,Barefoot_Gi_Bong00357.jpg,Barefoot Gi Bong
Barefoot_Gi_Bong,363,엄기봉,Kibong,Male,23,TRUE,Intellectual Disability,49.629,happiness,00363,Barefoot_Gi_Bong00363.jpg,Barefoot Gi Bong
Barefoot_Gi_Bong,364,엄기봉,Kibong,Male,26,TRUE,Intellectual Disability,99.907,disgust,00364,Barefoot_Gi_Bong00364.jpg,Barefoot Gi Bong
Barefoot_Gi_Bong,365,엄기봉,Kibong,Male,38,TRUE,Intellectual Disability,97.365,happiness,00365,Barefoot_Gi_Bong00365.jpg,Barefoot Gi Bong
Barefoot_Gi_Bong,370,엄기봉,Kibong,Male,32,TRUE,Intellectual Disability,99.336,sadness,00370,Barefoot_Gi_Bong00370.jpg,Barefoot Gi Bong
Barefoot_Gi_Bong,371,엄기봉,Kibong,Male,30,TRUE,Intellectual Disability,99.992,happiness,00371,Barefoot_Gi_Bong00371.jpg,Barefoot Gi Bong
Barefoot_Gi_Bong,372,엄기봉,Kibong,Male,33,TRUE,Intellectual Disability,99.998,sadness,00372,Barefoot_Gi_Bong00372.jpg,Barefoot Gi Bong
Barefoot_Gi_Bong,373,엄기봉,Kibong,Male,25,TRUE,Intellectual Disability,99.707,surprise,00373,Barefoot_Gi_Bong00373.jpg,Barefoot Gi Bong
Barefoot_Gi_Bong,377,엄기봉,Kibong,Male,21,TRUE,Intellectual Disability,74.696,sadness,00377,Barefoot_Gi_Bong00377.jpg,Barefoot Gi Bong
Barefoot_Gi_Bong,378,엄기봉,Kibong,Male,28,TRUE,Intellectual Disability,98.561,happiness,00378,Barefoot_Gi_Bong00378.jpg,Barefoot Gi Bong
Barefoot_Gi_Bong,379,엄기봉,Kibong,Male,43,TRUE,Intellectual Disability,98.075,happiness,00379,Barefoot_Gi_Bong00379.jpg,Barefoot Gi Bong
Barefoot_Gi_Bong,385,엄기봉,Kibong,Male,43,TRUE,Intellectual Disability,99.99,happiness,00385,Barefoot_Gi_Bong00385.jpg,Barefoot Gi Bong
Barefoot_Gi_Bong,386,엄기봉,Kibong,Male,35,TRUE,Intellectual Disability,99.944,happiness,00386,Barefoot_Gi_Bong00386.jpg,Barefoot Gi Bong
Barefoot_Gi_Bong,387,엄기봉,Kibong,Male,37,TRUE,Intellectual Disability,99.996,happiness,00387,Barefoot_Gi_Bong00387.jpg,Barefoot Gi Bong
Barefoot_Gi_Bong,388,엄기봉,Kibong,Male,25,TRUE,Intellectual Disability,95.745,happiness,00388,Barefoot_Gi_Bong00388.jpg,Barefoot Gi Bong
Barefoot_Gi_Bong,396,엄기봉,Kibong,Male,34,TRUE,Intellectual Disability,1.55,neutral,00396,Barefoot_Gi_Bong00396.jpg,Barefoot Gi Bong
Barefoot_Gi_Bong,397,엄기봉,Kibong,Male,25,TRUE,Intellectual Disability,8.888,happiness,00397,Barefoot_Gi_Bong00397.jpg,Barefoot Gi Bong
Barefoot_Gi_Bong,398,엄기봉,Kibong,Male,24,TRUE,Intellectual Disability,7.087,happiness,00398,Barefoot_Gi_Bong00398.jpg,Barefoot Gi Bong
Barefoot_Gi_Bong,401,엄기봉,Kibong,Male,38,TRUE,Intellectual Disability,0.554,neutral,00401,Barefoot_Gi_Bong00401.jpg,Barefoot Gi Bong
Barefoot_Gi_Bong,402,엄기봉,Kibong,Male,25,TRUE,Intellectual Disability,0.187,neutral,00402,Barefoot_Gi_Bong00402.jpg,Barefoot Gi Bong
Barefoot_Gi_Bong,408,엄기봉,Kibong,Male,37,TRUE,Intellectual Disability,0.006,sadness,00408,Barefoot_Gi_Bong00408.jpg,Barefoot Gi Bong
Barefoot_Gi_Bong,415,엄기봉,Kibong,Male,44,TRUE,Intellectual Disability,54.999,neutral,00415,Barefoot_Gi_Bong00415.jpg,Barefoot Gi Bong
Barefoot_Gi_Bong,416,엄기봉,Kibong,Male,36,TRUE,Intellectual Disability,8.8,neutral,00416,Barefoot_Gi_Bong00416.jpg,Barefoot Gi Bong
Barefoot_Gi_Bong,418,엄기봉,Kibong,Male,30,TRUE,Intellectual Disability,99.959,happiness,00418,Barefoot_Gi_Bong00418.jpg,Barefoot Gi Bong
Barefoot_Gi_Bong,463,엄기봉,Kibong,Male,51,TRUE,Intellectual Disability,0.087,sadness,00463,Barefoot_Gi_Bong00463.jpg,Barefoot Gi Bong
Barefoot_Gi_Bong,488,엄기봉,Kibong,Male,41,TRUE,Intellectual Disability,78.426,sadness,00488,Barefoot_Gi_Bong00488.jpg,Barefoot Gi Bong
Barefoot_Gi_Bong,489,엄기봉,Kibong,Male,37,TRUE,Intellectual Disability,6.075,neutral,00489,Barefoot_Gi_Bong00489.jpg,Barefoot Gi Bong
Barefoot_Gi_Bong,490,엄기봉,Kibong,Male,36,TRUE,Intellectual Disability,0.329,sadness,00490,Barefoot_Gi_Bong00490.jpg,Barefoot Gi Bong
Barefoot_Gi_Bong,491,엄기봉,Kibong,Male,28,TRUE,Intellectual Disability,0.171,neutral,00491,Barefoot_Gi_Bong00491.jpg,Barefoot Gi Bong
Miracle_in_Cell_No_7,3260,용구,Yonggu,Male,54,TRUE,Intellectual Disability,4.87,fear,03260,Miracle_in_Cell_No_703260.jpg,Miracle in Cell No. 7
Miracle_in_Cell_No_7,3263,용구,Yonggu,Male,47,TRUE,Intellectual Disability,54.002,surprise,03263,Miracle_in_Cell_No_703263.jpg,Miracle in Cell No. 7
Miracle_in_Cell_No_7,3264,용구,Yonggu,Male,47,TRUE,Intellectual Disability,23.186,surprise,03264,Miracle_in_Cell_No_703264.jpg,Miracle in Cell No. 7
Miracle_in_Cell_No_7,3265,용구,Yonggu,Male,38,TRUE,Intellectual Disability,0.97,happiness,03265,Miracle_in_Cell_No_703265.jpg,Miracle in Cell No. 7
Miracle_in_Cell_No_7,3268,용구,Yonggu,Male,53,TRUE,Intellectual Disability,1.659,sadness,03268,Miracle_in_Cell_No_703268.jpg,Miracle in Cell No. 7
Miracle_in_Cell_No_7,3269,용구,Yonggu,Male,59,TRUE,Intellectual Disability,0.988,happiness,03269,Miracle_in_Cell_No_703269.jpg,Miracle in Cell No. 7
Miracle_in_Cell_No_7,3270,용구,Yonggu,Male,58,TRUE,Intellectual Disability,67.236,disgust,03270,Miracle_in_Cell_No_703270.jpg,Miracle in Cell No. 7
Miracle_in_Cell_No_7,3272,용구,Yonggu,Male,48,TRUE,Intellectual Disability,9.161,surprise,03272,Miracle_in_Cell_No_703272.jpg,Miracle in Cell No. 7
Miracle_in_Cell_No_7,3273,용구,Yonggu,Male,60,TRUE,Intellectual Disability,71.803,surprise,03273,Miracle_in_Cell_No_703273.jpg,Miracle in Cell No. 7
Miracle_in_Cell_No_7,3274,용구,Yonggu,Male,48,TRUE,Intellectual Disability,89.138,surprise,03274,Miracle_in_Cell_No_703274.jpg,Miracle in Cell No. 7
Miracle_in_Cell_No_7,3276,용구,Yonggu,Male,57,TRUE,Intellectual Disability,87.707,fear,03276,Miracle_in_Cell_No_703276.jpg,Miracle in Cell No. 7
Miracle_in_Cell_No_7,3306,용구,Yonggu,Male,42,TRUE,Intellectual Disability,41.425,sadness,03306,Miracle_in_Cell_No_703306.jpg,Miracle in Cell No. 7
Miracle_in_Cell_No_7,3309,용구,Yonggu,Male,37,TRUE,Intellectual Disability,2.346,surprise,03309,Miracle_in_Cell_No_703309.jpg,Miracle in Cell No. 7
Miracle_in_Cell_No_7,3310,용구,Yonggu,Male,37,TRUE,Intellectual Disability,2.346,surprise,03310,Miracle_in_Cell_No_703310.jpg,Miracle in Cell No. 7
Miracle_in_Cell_No_7,3315,용구,Yonggu,Male,31,TRUE,Intellectual Disability,2.688,fear,03315,Miracle_in_Cell_No_703315.jpg,Miracle in Cell No. 7
Miracle_in_Cell_No_7,3316,용구,Yonggu,Male,30,TRUE,Intellectual Disability,2.361,fear,03316,Miracle_in_Cell_No_703316.jpg,Miracle in Cell No. 7
Miracle_in_Cell_No_7,3317,용구,Yonggu,Male,45,TRUE,Intellectual Disability,0.12,neutral,03317,Miracle_in_Cell_No_703317.jpg,Miracle in Cell No. 7
Miracle_in_Cell_No_7,3318,용구,Yonggu,Male,46,TRUE,Intellectual Disability,62.979,neutral,03318,Miracle_in_Cell_No_703318.jpg,Miracle in Cell No. 7
Miracle_in_Cell_No_7,3319,용구,Yonggu,Male,51,TRUE,Intellectual Disability,97.235,fear,03319,Miracle_in_Cell_No_703319.jpg,Miracle in Cell No. 7
Miracle_in_Cell_No_7,3326,용구,Yonggu,Male,33,TRUE,Intellectual Disability,24.168,neutral,03326,Miracle_in_Cell_No_703326.jpg,Miracle in Cell No. 7
Miracle_in_Cell_No_7,3327,용구,Yonggu,Male,36,TRUE,Intellectual Disability,1.323,fear,03327,Miracle_in_Cell_No_703327.jpg,Miracle in Cell No. 7
Miracle_in_Cell_No_7,3328,용구,Yonggu,Male,36,TRUE,Intellectual Disability,1.32,fear,03328,Miracle_in_Cell_No_703328.jpg,Miracle in Cell No. 7
Miracle_in_Cell_No_7,3334,용구,Yonggu,Male,52,TRUE,Intellectual Disability,99.166,neutral,03334,Miracle_in_Cell_No_703334.jpg,Miracle in Cell No. 7
Miracle_in_Cell_No_7,3335,용구,Yonggu,Male,52,TRUE,Intellectual Disability,99.172,neutral,03335,Miracle_in_Cell_No_703335.jpg,Miracle in Cell No. 7
Miracle_in_Cell_No_7,3336,용구,Yonggu,Male,53,TRUE,Intellectual Disability,99.461,happiness,03336,Miracle_in_Cell_No_703336.jpg,Miracle in Cell No. 7
Miracle_in_Cell_No_7,3337,용구,Yonggu,Male,46,TRUE,Intellectual Disability,99.981,happiness,03337,Miracle_in_Cell_No_703337.jpg,Miracle in Cell No. 7
Miracle_in_Cell_No_7,3338,용구,Yonggu,Male,48,TRUE,Intellectual Disability,47.288,sadness,03338,Miracle_in_Cell_No_703338.jpg,Miracle in Cell No. 7
Miracle_in_Cell_No_7,3346,용구,Yonggu,Male,43,TRUE,Intellectual Disability,97.031,anger,03346,Miracle_in_Cell_No_703346.jpg,Miracle in Cell No. 7
Miracle_in_Cell_No_7,3347,용구,Yonggu,Male,42,TRUE,Intellectual Disability,98.334,anger,03347,Miracle_in_Cell_No_703347.jpg,Miracle in Cell No. 7
Miracle_in_Cell_No_7,3357,용구,Yonggu,Male,41,TRUE,Intellectual Disability,0.914,fear,03357,Miracle_in_Cell_No_703357.jpg,Miracle in Cell No. 7
Miracle_in_Cell_No_7,3358,용구,Yonggu,Male,45,TRUE,Intellectual Disability,99.951,happiness,03358,Miracle_in_Cell_No_703358.jpg,Miracle in Cell No. 7
Miracle_in_Cell_No_7,3359,용구,Yonggu,Male,45,TRUE,Intellectual Disability,99.926,happiness,03359,Miracle_in_Cell_No_703359.jpg,Miracle in Cell No. 7
Miracle_in_Cell_No_7,3364,용구,Yonggu,Male,50,TRUE,Intellectual Disability,99.979,surprise,03364,Miracle_in_Cell_No_703364.jpg,Miracle in Cell No. 7
Miracle_in_Cell_No_7,3370,용구,Yonggu,Male,49,TRUE,Intellectual Disability,82.471,surprise,03370,Miracle_in_Cell_No_703370.jpg,Miracle in Cell No. 7
Miracle_in_Cell_No_7,3384,용구,Yonggu,Male,29,TRUE,Intellectual Disability,7.428,surprise,03384,Miracle_in_Cell_No_703384.jpg,Miracle in Cell No. 7
Miracle_in_Cell_No_7,3387,용구,Yonggu,Male,50,TRUE,Intellectual Disability,4.464,neutral,03387,Miracle_in_Cell_No_703387.jpg,Miracle in Cell No. 7
Miracle_in_Cell_No_7,3388,용구,Yonggu,Male,59,TRUE,Intellectual Disability,94.957,fear,03388,Miracle_in_Cell_No_703388.jpg,Miracle in Cell No. 7
Miracle_in_Cell_No_7,3389,용구,Yonggu,Male,51,TRUE,Intellectual Disability,72.447,surprise,03389,Miracle_in_Cell_No_703389.jpg,Miracle in Cell No. 7
Miracle_in_Cell_No_7,3394,용구,Yonggu,Male,31,TRUE,Intellectual Disability,99.505,fear,03394,Miracle_in_Cell_No_703394.jpg,Miracle in Cell No. 7
Miracle_in_Cell_No_7,3401,용구,Yonggu,Male,59,TRUE,Intellectual Disability,0.77,neutral,03401,Miracle_in_Cell_No_703401.jpg,Miracle in Cell No. 7
Marathon,2179,윤초원,Chowon,Male,27,TRUE,Autism,0.662,surprise,02179,Marathon02179.jpg,Marathon
Marathon,2187,윤초원,Chowon,Male,34,TRUE,Autism,0.015,surprise,02187,Marathon02187.jpg,Marathon
Marathon,2188,윤초원,Chowon,Male,38,TRUE,Autism,0.017,surprise,02188,Marathon02188.jpg,Marathon
Marathon,2189,윤초원,Chowon,Male,24,TRUE,Autism,0.018,surprise,02189,Marathon02189.jpg,Marathon
Marathon,2190,윤초원,Chowon,Male,33,TRUE,Autism,0,surprise,02190,Marathon02190.jpg,Marathon
Marathon,2203,윤초원,Chowon,Male,39,TRUE,Autism,0.008,surprise,02203,Marathon02203.jpg,Marathon
Marathon,2204,윤초원,Chowon,Male,23,TRUE,Autism,0,surprise,02204,Marathon02204.jpg,Marathon
Marathon,2205,윤초원,Chowon,Male,24,TRUE,Autism,0.008,surprise,02205,Marathon02205.jpg,Marathon
Marathon,2206,윤초원,Chowon,Male,24,TRUE,Autism,0.003,sadness,02206,Marathon02206.jpg,Marathon
Marathon,2207,윤초원,Chowon,Male,22,TRUE,Autism,0.002,surprise,02207,Marathon02207.jpg,Marathon
Marathon,2211,윤초원,Chowon,Male,27,TRUE,Autism,0.845,happiness,02211,Marathon02211.jpg,Marathon
Marathon,2212,윤초원,Chowon,Male,34,TRUE,Autism,3.802,neutral,02212,Marathon02212.jpg,Marathon
Marathon,2213,윤초원,Chowon,Male,26,TRUE,Autism,3.136,disgust,02213,Marathon02213.jpg,Marathon
Marathon,2214,윤초원,Chowon,Male,44,TRUE,Autism,0.758,neutral,02214,Marathon02214.jpg,Marathon
Marathon,2215,윤초원,Chowon,Male,31,TRUE,Autism,0.093,surprise,02215,Marathon02215.jpg,Marathon
Marathon,2216,윤초원,Chowon,Male,35,TRUE,Autism,25.918,surprise,02216,Marathon02216.jpg,Marathon
Marathon,4537,윤초원,Chowon,Male,25,TRUE,Autism,58.451,surprise,04537,Marathon04537.jpg,Marathon
Marathon,4540,윤초원,Chowon,Male,31,TRUE,Autism,16.131,surprise,04540,Marathon04540.jpg,Marathon
Marathon,4541,윤초원,Chowon,Male,38,TRUE,Autism,0.667,surprise,04541,Marathon04541.jpg,Marathon
Marathon,4542,윤초원,Chowon,Male,25,TRUE,Autism,5.931,neutral,04542,Marathon04542.jpg,Marathon
Marathon,4543,윤초원,Chowon,Male,26,TRUE,Autism,20.212,neutral,04543,Marathon04543.jpg,Marathon
Marathon,4555,윤초원,Chowon,Male,26,TRUE,Autism,83.004,surprise,04555,Marathon04555.jpg,Marathon
Marathon,4556,윤초원,Chowon,Male,24,TRUE,Autism,35.762,surprise,04556,Marathon04556.jpg,Marathon
Marathon,4557,윤초원,Chowon,Male,26,TRUE,Autism,64.306,surprise,04557,Marathon04557.jpg,Marathon
Marathon,4560,윤초원,Chowon,Male,25,TRUE,Autism,6.811,surprise,04560,Marathon04560.jpg,Marathon
Marathon,4561,윤초원,Chowon,Male,27,TRUE,Autism,0.916,neutral,04561,Marathon04561.jpg,Marathon
Marathon,4563,윤초원,Chowon,Male,30,TRUE,Autism,1.085,surprise,04563,Marathon04563.jpg,Marathon
Marathon,4596,윤초원,Chowon,Male,30,TRUE,Autism,1.616,surprise,04596,Marathon04596.jpg,Marathon
Marathon,4597,윤초원,Chowon,Male,44,TRUE,Autism,0.011,surprise,04597,Marathon04597.jpg,Marathon
Marathon,4597,윤초원,Chowon,Male,40,TRUE,Autism,1.17,surprise,04597,Marathon04597.jpg,Marathon
Marathon,4601,윤초원,Chowon,Male,25,TRUE,Autism,12.599,surprise,04601,Marathon04601.jpg,Marathon
Marathon,4602,윤초원,Chowon,Male,23,TRUE,Autism,0.598,surprise,04602,Marathon04602.jpg,Marathon
Marathon,4603,윤초원,Chowon,Male,41,TRUE,Autism,0.069,neutral,04603,Marathon04603.jpg,Marathon
Marathon,4603,윤초원,Chowon,Male,27,TRUE,Autism,0.036,neutral,04603,Marathon04603.jpg,Marathon
Marathon,4604,윤초원,Chowon,Male,44,TRUE,Autism,0.031,fear,04604,Marathon04604.jpg,Marathon
Marathon,4604,윤초원,Chowon,Male,30,TRUE,Autism,9.029,surprise,04604,Marathon04604.jpg,Marathon
Marathon,4605,윤초원,Chowon,Male,28,TRUE,Autism,1.056,surprise,04605,Marathon04605.jpg,Marathon
Marathon,4605,윤초원,Chowon,Male,41,TRUE,Autism,0.056,disgust,04605,Marathon04605.jpg,Marathon
Marathon,4605,윤초원,Chowon,Male,39,TRUE,Autism,0.078,neutral,04605,Marathon04605.jpg,Marathon
Inseparable_Bros,891,박동구,Donggu_P,Male,14,TRUE,Intellectual Disability,19.631,sadness,00891,Inseparable_Bros00891.jpg,Inseparable Bros
Inseparable_Bros,892,박동구,Donggu_P,Male,18,TRUE,Intellectual Disability,13.343,sadness,00892,Inseparable_Bros00892.jpg,Inseparable Bros
Inseparable_Bros,928,박동구,Donggu_P,Male,25,TRUE,Intellectual Disability,0.676,neutral,00928,Inseparable_Bros00928.jpg,Inseparable Bros
Inseparable_Bros,936,박동구,Donggu_P,Male,31,TRUE,Intellectual Disability,10.879,neutral,00936,Inseparable_Bros00936.jpg,Inseparable Bros
Inseparable_Bros,947,박동구,Donggu_P,Male,34,TRUE,Intellectual Disability,77.798,surprise,00947,Inseparable_Bros00947.jpg,Inseparable Bros
Inseparable_Bros,949,박동구,Donggu_P,Male,26,TRUE,Intellectual Disability,40.648,neutral,00949,Inseparable_Bros00949.jpg,Inseparable Bros
Inseparable_Bros,954,박동구,Donggu_P,Male,22,TRUE,Intellectual Disability,0.188,disgust,00954,Inseparable_Bros00954.jpg,Inseparable Bros
Inseparable_Bros,955,박동구,Donggu_P,Male,26,TRUE,Intellectual Disability,0.297,neutral,00955,Inseparable_Bros00955.jpg,Inseparable Bros
Inseparable_Bros,956,박동구,Donggu_P,Male,23,TRUE,Intellectual Disability,0.052,fear,00956,Inseparable_Bros00956.jpg,Inseparable Bros
Inseparable_Bros,958,박동구,Donggu_P,Male,21,TRUE,Intellectual Disability,0.019,neutral,00958,Inseparable_Bros00958.jpg,Inseparable Bros
Inseparable_Bros,1000,박동구,Donggu_P,Male,21,TRUE,Intellectual Disability,3.733,neutral,01000,Inseparable_Bros01000.jpg,Inseparable Bros
Inseparable_Bros,1001,박동구,Donggu_P,Male,21,TRUE,Intellectual Disability,49.162,neutral,01001,Inseparable_Bros01001.jpg,Inseparable Bros
Inseparable_Bros,1002,박동구,Donggu_P,Male,25,TRUE,Intellectual Disability,0.909,neutral,01002,Inseparable_Bros01002.jpg,Inseparable Bros
Inseparable_Bros,1003,박동구,Donggu_P,Male,27,TRUE,Intellectual Disability,1.31,disgust,01003,Inseparable_Bros01003.jpg,Inseparable Bros
Inseparable_Bros,1043,박동구,Donggu_P,Male,24,TRUE,Intellectual Disability,0.213,sadness,01043,Inseparable_Bros01043.jpg,Inseparable Bros
Inseparable_Bros,1047,박동구,Donggu_P,Male,31,TRUE,Intellectual Disability,0.016,neutral,01047,Inseparable_Bros01047.jpg,Inseparable Bros
Inseparable_Bros,1048,박동구,Donggu_P,Male,29,TRUE,Intellectual Disability,0.007,surprise,01048,Inseparable_Bros01048.jpg,Inseparable Bros
Inseparable_Bros,1056,박동구,Donggu_P,Male,29,TRUE,Intellectual Disability,0.04,neutral,01056,Inseparable_Bros01056.jpg,Inseparable Bros
Inseparable_Bros,1057,박동구,Donggu_P,Male,26,TRUE,Intellectual Disability,0.216,surprise,01057,Inseparable_Bros01057.jpg,Inseparable Bros
Inseparable_Bros,1064,박동구,Donggu_P,Male,33,TRUE,Intellectual Disability,0.437,neutral,01064,Inseparable_Bros01064.jpg,Inseparable Bros
Inseparable_Bros,1069,박동구,Donggu_P,Male,35,TRUE,Intellectual Disability,0.336,neutral,01069,Inseparable_Bros01069.jpg,Inseparable Bros
Inseparable_Bros,1070,박동구,Donggu_P,Male,32,TRUE,Intellectual Disability,1.423,neutral,01070,Inseparable_Bros01070.jpg,Inseparable Bros
Inseparable_Bros,1071,박동구,Donggu_P,Male,29,TRUE,Intellectual Disability,0.595,surprise,01071,Inseparable_Bros01071.jpg,Inseparable Bros
Inseparable_Bros,1073,박동구,Donggu_P,Male,28,TRUE,Intellectual Disability,0.251,surprise,01073,Inseparable_Bros01073.jpg,Inseparable Bros
Inseparable_Bros,1079,박동구,Donggu_P,Male,27,TRUE,Intellectual Disability,1.16,surprise,01079,Inseparable_Bros01079.jpg,Inseparable Bros
Inseparable_Bros,1080,박동구,Donggu_P,Male,27,TRUE,Intellectual Disability,1.684,surprise,01080,Inseparable_Bros01080.jpg,Inseparable Bros
Inseparable_Bros,1081,박동구,Donggu_P,Male,27,TRUE,Intellectual Disability,1.005,surprise,01081,Inseparable_Bros01081.jpg,Inseparable Bros
Inseparable_Bros,1102,박동구,Donggu_P,Male,36,TRUE,Intellectual Disability,0.175,surprise,01102,Inseparable_Bros01102.jpg,Inseparable Bros
Inseparable_Bros,1930,박동구,Donggu_P,Male,40,TRUE,Intellectual Disability,88.833,sadness,01930,Inseparable_Bros01930.jpg,Inseparable Bros
Inseparable_Bros,1931,박동구,Donggu_P,Male,30,TRUE,Intellectual Disability,93.472,surprise,01931,Inseparable_Bros01931.jpg,Inseparable Bros
Inseparable_Bros,1932,박동구,Donggu_P,Male,26,TRUE,Intellectual Disability,0.109,surprise,01932,Inseparable_Bros01932.jpg,Inseparable Bros
Inseparable_Bros,1933,박동구,Donggu_P,Male,31,TRUE,Intellectual Disability,63.353,anger,01933,Inseparable_Bros01933.jpg,Inseparable Bros
Inseparable_Bros,1934,박동구,Donggu_P,Male,35,TRUE,Intellectual Disability,74.051,surprise,01934,Inseparable_Bros01934.jpg,Inseparable Bros
Inseparable_Bros,1935,박동구,Donggu_P,Male,30,TRUE,Intellectual Disability,3.968,sadness,01935,Inseparable_Bros01935.jpg,Inseparable Bros
Inseparable_Bros,1938,박동구,Donggu_P,Male,34,TRUE,Intellectual Disability,34.9,neutral,01938,Inseparable_Bros01938.jpg,Inseparable Bros
Inseparable_Bros,1939,박동구,Donggu_P,Male,26,TRUE,Intellectual Disability,18.091,surprise,01939,Inseparable_Bros01939.jpg,Inseparable Bros
glove,656,차명재,Myeongjae,Male,21,TRUE,Hearing Impairment,8.424,fear,00656,glove00656.jpg,Glove
glove,661,차명재,Myeongjae,Male,24,TRUE,Hearing Impairment,0.018,fear,00661,glove00661.jpg,Glove
glove,662,차명재,Myeongjae,Male,24,TRUE,Hearing Impairment,0.022,surprise,00662,glove00662.jpg,Glove
glove,665,차명재,Myeongjae,Male,25,TRUE,Hearing Impairment,0.075,surprise,00665,glove00665.jpg,Glove
glove,668,차명재,Myeongjae,Male,25,TRUE,Hearing Impairment,0.067,surprise,00668,glove00668.jpg,Glove
glove,670,차명재,Myeongjae,Male,24,TRUE,Hearing Impairment,0.126,surprise,00670,glove00670.jpg,Glove
glove,671,차명재,Myeongjae,Male,26,TRUE,Hearing Impairment,0.013,surprise,00671,glove00671.jpg,Glove
glove,672,차명재,Myeongjae,Male,28,TRUE,Hearing Impairment,0.021,surprise,00672,glove00672.jpg,Glove
glove,674,차명재,Myeongjae,Male,26,TRUE,Hearing Impairment,0.067,surprise,00674,glove00674.jpg,Glove
glove,679,차명재,Myeongjae,Male,27,TRUE,Hearing Impairment,0,fear,00679,glove00679.jpg,Glove
glove,681,차명재,Myeongjae,Male,22,TRUE,Hearing Impairment,0.027,surprise,00681,glove00681.jpg,Glove
glove,682,차명재,Myeongjae,Male,27,TRUE,Hearing Impairment,0,surprise,00682,glove00682.jpg,Glove
glove,683,차명재,Myeongjae,Male,26,TRUE,Hearing Impairment,0.001,surprise,00683,glove00683.jpg,Glove
glove,684,차명재,Myeongjae,Male,23,TRUE,Hearing Impairment,0.061,surprise,00684,glove00684.jpg,Glove
glove,687,차명재,Myeongjae,Male,26,TRUE,Hearing Impairment,6.209,sadness,00687,glove00687.jpg,Glove
glove,688,차명재,Myeongjae,Male,22,TRUE,Hearing Impairment,2.452,fear,00688,glove00688.jpg,Glove
glove,689,차명재,Myeongjae,Male,28,TRUE,Hearing Impairment,0.159,surprise,00689,glove00689.jpg,Glove
glove,690,차명재,Myeongjae,Male,26,TRUE,Hearing Impairment,0.079,surprise,00690,glove00690.jpg,Glove
glove,691,차명재,Myeongjae,Male,25,TRUE,Hearing Impairment,16.183,fear,00691,glove00691.jpg,Glove
glove,694,차명재,Myeongjae,Male,26,TRUE,Hearing Impairment,0.011,surprise,00694,glove00694.jpg,Glove
glove,695,차명재,Myeongjae,Male,26,TRUE,Hearing Impairment,0.015,surprise,00695,glove00695.jpg,Glove
glove,696,차명재,Myeongjae,Male,20,TRUE,Hearing Impairment,0.253,disgust,00696,glove00696.jpg,Glove
glove,697,차명재,Myeongjae,Male,23,TRUE,Hearing Impairment,2.284,fear,00697,glove00697.jpg,Glove
glove,702,차명재,Myeongjae,Male,25,TRUE,Hearing Impairment,51.72,anger,00702,glove00702.jpg,Glove
glove,707,차명재,Myeongjae,Male,28,TRUE,Hearing Impairment,1.584,surprise,00707,glove00707.jpg,Glove
glove,707,차명재,Myeongjae,Male,22,TRUE,Hearing Impairment,0.611,surprise,00707,glove00707.jpg,Glove
glove,708,차명재,Myeongjae,Male,24,TRUE,Hearing Impairment,2.685,surprise,00708,glove00708.jpg,Glove
glove,710,차명재,Myeongjae,Male,26,TRUE,Hearing Impairment,0.424,surprise,00710,glove00710.jpg,Glove
glove,711,차명재,Myeongjae,Male,28,TRUE,Hearing Impairment,12.303,fear,00711,glove00711.jpg,Glove
glove,712,차명재,Myeongjae,Male,26,TRUE,Hearing Impairment,35.777,surprise,00712,glove00712.jpg,Glove
glove,713,차명재,Myeongjae,Male,25,TRUE,Hearing Impairment,81.526,surprise,00713,glove00713.jpg,Glove
glove,714,차명재,Myeongjae,Male,32,TRUE,Hearing Impairment,89.516,anger,00714,glove00714.jpg,Glove
glove,716,차명재,Myeongjae,Male,24,TRUE,Hearing Impairment,17.763,fear,00716,glove00716.jpg,Glove
glove,717,차명재,Myeongjae,Male,23,TRUE,Hearing Impairment,2.358,surprise,00717,glove00717.jpg,Glove
glove,2888,차명재,Myeongjae,Male,44,TRUE,Hearing Impairment,21.719,surprise,02888,glove02888.jpg,Glove
glove,2889,차명재,Myeongjae,Male,27,TRUE,Hearing Impairment,0.032,neutral,02889,glove02889.jpg,Glove
glove,2895,차명재,Myeongjae,Male,34,TRUE,Hearing Impairment,8.726,neutral,02895,glove02895.jpg,Glove
glove,2896,차명재,Myeongjae,Male,39,TRUE,Hearing Impairment,2.095,neutral,02896,glove02896.jpg,Glove